{
    "dimensions": [
        {
         "name":"Region"}, {"name":"Age"}, {"name":"Online_Shopper"}
        
    ],
    "cubes": [
        {
            "name": "country-income-large",
            "dimensions": ["Region", "Age", "Online_Shopper"],
            "measures": [{"name":"Income", "label":"Income"}],
            "aggregates": [
                    {
                        "name": "amount_sum",
                        "function": "sum",
                        "measure": "Income"
                    },
                    {
                        "name": "record_count",
                        "function": "count"
                    }
                    ,
                      {
                        "name": "amount_max",
                        "function": "max",
                        "measure": "Income"
                    }
                    ,
                      {
                        "name": "amount_min",
                        "function": "min",
                        "measure": "Income"
                    },
                      {
                        "name": "amount_average",
                        "function": "avg",
                        "measure": "Income"
                    }
                ]
            
        }
    ]
}
